lei;ementa;ano;inteiro_teor
"19.551, de 31.12.1930
Publicado no DOU de 4.1.1931";Dá providências sobre ex-alunos da Escola Militar anistiados.;1930;"




Presidência
    da República
Casa Civil
Subchefia para Assuntos Jurídicos




DECRETO Nº 19.551, DE 
31 DE DEZEMBRO DE
1930.



Revogado pelo 
	Decreto de 10 de maio de 1991
Texto para impressão


Dá providências sobre ex-alunos da Escola 
	Militar anistiados.




O Chefe do Governo Provisório da República dos Estados Unidos 
do Brasil, no intuito de normalizar a situação dos ex-alunos da Escola 
Militar anistiados, resolve:


Art. 1 º Os ex-alunos do 3º ano, que foram nomeados primeiros 
tenentes, deverão fazer, em corpos da guarnição da 1ª Região Militar. um estágio 
prévio, antes de passarem, definitivamente, ao exercício de suas funções de 
oficiais.


Art. 2º Os ex-alunos dos 2º e 1º anos e do Curso Preparatório 
serão rematriculados na Escola Militar ou em estabelecimento que for organizado, 
obrigatoriamente, em 1931, afim de completar os seus cursos, nas armas de 
infantaria, cavalaria, artilharia ou engenharia.


§ 1º Para efeito desses cursos serão aceitos os certificados de 
exames passados pelos estabelecimentos de ensino, superior ou secundário da 
República, que interesse aos aludidos cursos.


§ 2º Aos ex-alunos rematriculados será concedido um ano de 
tolerância para a conclusão de seus cursos e a eles se aplicará o disposto no
decreto nº 4.653, de 17 de janeiro 
de 1923.



3º Aos ex-alunos que dependerem, no máximo, de duas matérias de 
um ano, será permitido cursar o ano seguinte, com dependência, quanto aos 
exames, das matérias do ano anterior.  (Suprimido pelo 
Decreto nº 19.760, de 1931)


Art. 3º Os ex-alunos que apresentarem títulos científicos de 
médicos, farmacêuticos, veterinários ou cirurgiões dentistas, poderão optar pela 
inclusão em qualquer desses quadros do Corpo de Saude, nos Postos que lhes 
competir no quatro das armas, sujeitos, porem, a um estágio prévio nas Escolas 
de Aplicação do Serviço de Saude e de medicina veterinária.


§ 1º Os que se destinarem ao quadro de dentistas deverão declarar 
que aceitam essa inclusão no quadro extinto.


§ 2º Os que apresentarem títulos de engenheiro civil, arquiteto, 
mecânico, eletricista ou geógrafo, nas condições acima, poderão optar pela 
inclusão na arma de engenharia; os que apresentarem título de engenheiro químico 
ou industrial pela inclusão na arma de artilharia, fazendo o estudo somente da 
parte militar.


§ 3º Aqueles dos ex-alunos abrangidos pela lei de anistia que 
exercem qualquer função pública civil e não quiserem se aproveitar dos seus 
benefícios, contarão para todos os efeitos, nas funções civis que exercerem, o 
período de tempo que vai da exclusão do Exército até a data da nomeação para 
essa função.


Art. 4º Os alunos do 1º ano são considerados comissionados na 
arma de infantaria.


Art. 5º O ministro da Guerra poderá organizar, a título 
provisório, um instituto análogo à Escola Militar, com administração própria e 
aproveitando os professores que não estejam em efetivo serviço no magistério, 
sem aumento de despesa, onde se ultime o preparo desses ex-alunos.


Art. 6º É concedido o prazo até 15 de janeiro de 1931, para a 
apresentação dos beneficiados pelo decreto nº 19.395, de 8 
de novembro findo.


Art. 7º Revogam-se as disposições em contrário.


Rio de Janeiro, 31 de dezembro de 1930, 109º da Independência e 
42º da República.

GETULIO
VARGAS. 


José Fernandes Leite de Castro
Este texto não substitui o
publicado no DOU de 4.1.1931
*
 
 
 
 
 
 
 
 
 
 
"
"19.547, de 30.12.1930
Publicado na CLBR , 31.12. 1930";Cassa a autonomia didática à Universidade de Minas Gerais.;1930;"




Presidência
    da República
Casa Civil
Subchefia para Assuntos Jurídicos



DECRETO Nº 19.473 DE 10 DE DEZEMBRO DE
1930.



Revogado pelo 
	Decreto de 25/04/1991
Texto para impressão

Regula os conhecimentos de transporte de
    mercadorias por terra, água ou ar, e dá outras providências 





O Chefe do Governo Provisório da República
dos Estados Unidos do Brasil  



DECRETA:



 

Art. 1º O conhecimento de frete original,
emitido por empresas de transporte por água, terra ou ar, prova o recebimento da
mercadoria e a obrigação de entregá-la no lugar do destino. 


Reputa-se não escrita qualquer cláusula
restritiva, ou modificativa, dessa prova, ou obrigação. 


É titulo à ordem; salvo cláusula ao
portador, lançada no contexto. 


Parágrafo único. Considera-se original o
conhecimento do qual não constar a declaração de segunda, ou outra via. 


Tais vias não podem circular, sendo emitidas
somente para efeitos em face da empresa emissora. 


 

Art. 2º O conhecimento de frete deve conter: 


I. O nome, ou denominação da empresa
emissora; 


II. O número de ordem; 


III. A data, com indicação de dia, mês e
ano; 


IV. Os nomes do remetente e do consignatário,
por extenso. 


O remetente pode designar-se como consignatário, e a indicação deste substituir-se pela cláusula ao portador. 


Será ao portador o conhecimento que não
contiver a indicação do consignatário. 


V. O lugar da partida e o destino. 


Faltando a indicação do lugar da partida,
entende-se ser este o mesmo da emissão. 


VI. A espécie e a quantidade ou peso da
mercadoria, bem como as marcas, os sinais exteriores dos volumes de embalagem. 


VII. A importância do frete e o lugar e a
forma de pagamento. 


A importância será declarada por extenso e em
algarismos, prevalecendo a primeira, em caso de divergência. 


Não indicada outra forma, o pagamento será a
dinheiro de contado e por inteiro, no ato da entrega da mercadoria e no lugar do destino,
se outro não tiver sido designado. 


A falta de pagamento de frete e despesas
autoriza a retenção da mercadoria, à conta e risco de quem pertencer. 

VII  A importância do 
frete, com a declaração de que é pago ou a pagar, e do lugar e da forma do 
pagamento. (Redação dada pelo Decreto 19.754, de 1931)

A importância será declarada por extenso e em 
algarismos, prevalecendo a primeira em caso de divergência.
(Redação dada pelo Decreto 19.754, de 1931)

Emitido o conhecimento com frete a pagar e não 
indicada a forma do pagamento, este será a dinheiro de contado e por inteiro, no 
ato da entrega da mercadoria e no lugar do destino, se outro não tiver sido 
designado. A falta de pagamento do frete despesas autoriza a retenção da 
mercadoria. (Redação dada pelo Decreto 19.754, de 
1931)


VIII. A assinatura do empresário ou seu
representante, abaixo do contexto. 


§ 1º O conhecimento de frete marítimo
conterá os requisitos determinados pelo art. 575 do Código Comercial. 


§ 2º O teor do conhecimento pode ser, no todo
ou em parte, manuscrito, datilografado, ou impresso; a assinatura do empresário, ou seu
representante, deve, porem, ser autêntica. 


§ 3º O contexto incompleto, ou errado, pode
ser completado, ou corrigido, mediante declaração escrita da empresa emissora, lançada
no anverso do título e devidamente datada e assinada pelo empresário ou seu
representante. 


 

Art. 3º O conhecimento nominativo é transferivel, sucessivamente, por endosso em preto, ou em branco, seguido da respectiva
tradução. 


É em preto o endosso em que consta a
indicação do nome, por extenso, do endossatário; em branco, aquele que o não
     contem. 


§ 1º O primeiro endossador deve ser o
remetente, ou o consignatário. 


§ 2º O endosso em branco faz o título
circular ao portador, até novo endosso. O portador pode preenchê-lo. 


§ 3º O último endossatário e detentor do
conhecimento presume-se proprietário da mercadoria nele declarada (art. 2º, n. VII). 


A mera tradição manual transfere o
conhecimento ao portador, ou endossado em branco, para o mesmo efeito. 


 

Art. 4º A cláusula de mandato, inserta no
teor do endosso em preto, faz o endossatário procurador do endossador, com todos os
poderes gerais e especiais relativos ao título: salvo restrição expressa, constante do
mesmo teor. O substabelecimento do mandato pode dar-se mediante novo endosso, de igual
espécie. 


Parágrafo único. Lançada a cláusula de
penhor ou garantia, o endossatário é credor pignoratício do endossador. 


Ele pode retirar a mercadoria, depositando-a,
com a mesma cláusula, em armazem-geral, ou, senão, onde convier, de acordo com o
endossador. 


Pode tambem exigir, a todo tempo, que o
armazem-geral emita o respectivo conhecimento de depósito e o warrant, ficando aquele à
livre disposição do dono da mercadoria, e este à do credor pignoratício para lhe ser
entregue depois de devidamente endossado. A recusa do devedor pignoratício de endossar o
warrant sujeita-o à multa de dez por cento (10 %) sobre o valor da mercadoria, a
benefício do credor. 


Sobre a mercadoria, depositada com cláusula de
penhor ou garantia, somente se expedirão esses títulos mediante assentimento do credor,
que se não poderá opor em se lhe oferecendo o respectivo warrant. 


 

Art. 5º O endosso deve ser puro e simples;
reputam-se não escritas quaisquer cláusulas condicionais ou modificativas, não
autorizadas em lei. 


O endosso parcial é nulo. 


O endosso cancelado considera-se anulado.
Entretanto, é habil para justificar a série das transmissões do título. 


 

Art. 6º O endossatário nominativo e o
portador do conhecimento ficam investidos nos direitos e obrigações do consignatário,
em face da empresa emissora. 


O endossador responde pela legitimidade do
conhecimento e existência da mercadoria, para com os endossatários posteriores, ou
portadores. 


Parágrafo único. É sumaria a ação fundada
no conhecimento de frete. 


 

Art. 7º O remetente, consignatário,
endossatário ou portador pode, exibindo o conhecimento, exigir o desembarque e a entrega
da mercadoria em trânsito, pagando o frete por inteiro e as despesas extraordinárias a
que der causa. Extingue-se então o contrato de transporte e recolhe-se o respectivo
conhecimento. 


O endossatário em penhor ou garantia não goza
dessa faculdade. 


 

Art. 8º A tradição do conhecimento ao consignatário, ao endossatário ou ao portador, exime a respectiva mercadoria de arresto,
sequestro, penhora, arrecadação, ou qualquer outro embaraço judicial, por fato,
dívida, falência, ou causa estranha ao     proprio dono atual do
título; salvo caso de má fé provada. 


O conhecimento, parem, está sujeito a essas
medidas judiciais, por causa que respeite ao respectivo dono atual. Neste caso a
apreensão do conhecimento equivale à da mercadoria. 


Art. 9º Em caso de perda, ou extravio, do
conhecimento, o remetente, consignatário, endossatário ou portador, exibindo outra via
ou certidão do título, fará, no foro da comarca do lugar do destino, justificação do
fato, com intimação do representante do Ministério Público, publicando-se, em seguida,
editais na imprensa do lugar, em falta, na do mais próximo, e afixando-se como de
costume, por cinco dias. Onde houver Bolsa de Mercadorias e Câmara Sindical de
Corretores, far-se-á público pregão e aviso afixado a quem interessar possa. 


Findo o prazo, aguardar-se-ão em cartório
mais quarenta e oito horas. 


Se não aparecer oposição, o juiz proferirá
sentença, nas subsequentes quarenta e oito horas, ordenando a expedição de mandado para
entrega da mercadoria relativa ao conhecimento. 


§ 1º Havendo oposição, o juiz marcará o
prazo de cinco dias para a prova, que será comum a ambas as partes, arrazoando estas a
final em dois dias cada uma. Conclusos os autos, a sentença deve ser preferida em cinco
dias, ordenando ou denegando a entrega da mercadoria ao requerente ou ao opoente. 


Todos os prazos independem de assinação em
audiência e correm em cartório. 


§ 2º Da sentença, quer tenha havido ou não
oposição, cabe agravo de petição. 


 
Art. 
9º Em caso de perda, ou extravio, do conhecimento, qualquer interessado pode 
avisar a empresa do transporte, no lugar do destino, para que retenha a 
respectiva mercadoria. (Redação dada pelo Decreto 
19.754, de 1931)

§ 1º Se o aviso provier do consignatário, ou do 
remetente, a empresa anunciará o fato três vezes consecutivas, à custa do 
comunicante, pela imprensa do lugar do destino, se houver, senão pela da Capital 
do Estado, ou da localidade mais próxima que a tenha. 
(Redação dada pelo Decreto 19.754, de 1931)

Não havendo reclamação relativa à propriedade, ou 
penhor, do conhecimento durante os dias do anúncio e mais os dois imediatos, a 
mercadoria será entregue ao notificante de acordo com as disposições legais ou 
regulamentares. (Redação dada pelo Decreto 19.754, de 
1931)

Se o aviso provier de outrem que não o consignatário 
ou o remetente, valerá como reclamação contra a entrega da mercadoria, para ser 
judicialmente processada na forma do § 2º a seguir. 
(Redação dada pelo Decreto 19.754, de 1931)

§ 2º Havendo reclamação, a mercadoria não será 
entregue e o reclamante, exibindo outra via ou certidão do conhecimento, fará, 
no foro da comarca do lugar do destino, justificação do fato e do seu direito, 
com intimação do orgão do Ministério Público, publicando-se em seguida, editais 
como determina o § 1º deste artigo, e afixando-se como de costume. Onde houver 
Bolsa de Mercadorias e Câmara Sindical de Corretores, far-se-á público pregão e 
aviso a quem interessar possa. (Redação dada pelo 
Decreto 19.754, de 1931)

Findo o prazo, aguardar-se-ão mais quarenta e oito 
horas. (Redação dada pelo Decreto 19.754, de 1931)

Se não aparecer oposição o juiz proferirá sentença, 
nas, subsequentes quarenta e oito horas e, uma vez passado o prazo para o agravo 
(5º), Poderá ordenar a expedição de mandado de entrega da mercadoria ao 
reclamante. (Redação dada pelo Decreto 19.754, de 
1931)

§ 3º Havendo oposição, o juiz marcará o prazo de 
cinco dias para prova, arrazoando as partes afinal, no prazo de dois dias cada 
uma. Conclusos os autos, o juiz proferirá sentença em cinco dias.
(Incluído pelo Decreto 19.754, de 1931)

§ 4º Todos os prazos judiciais correrão em cartório, 
independentemente de assinação em audiência. (Incluído 
pelo Decreto 19.754, de 1931)

§ 5º Da sentença, tenha, ou não, havido oposição 
caberá agravo de petição. (Incluído pelo Decreto 
19.754, de 1931)

§ 6º A exibição do conhecimento original suspenderá 
as diligências judiciais e extra-judiciais prescritas pelo presente artigo, 
continuando o título a produzir plenamente o efeitos que lhe são próprios.
(Incluído pelo Decreto 19.754, de 1931)

§ 7º As mercadorias de valor até um conto de 
réis poderão ser retiradas, independentemente do conhecimento, mediante as 
cautelas instituidas nas leis ou regulamentos em vigor. A estimativa desse 
valor, não tendo sido feita na ocasião do despacho, competirá ao prudente 
arbítrio da empresa do transporte, no momento da entrega da mercadoria.
(Incluído pelo Decreto 19.754, de 1931)

§ 7º As mercadorias de 
valor até Cr$ 1.000,00 (mil cruzeiros), poderão ser retiradas, independentemente 
do conhecimento, mediante as cautelas instituidas nas leis ou regulamentos em 
vigor. A estimativa desse valor, não tendo sido feita na ocasião do despacho, 
competirá ao prudente arbítrio da empresa do transporte no momento da entrega da 
mercadoria. As mercadorias de valor superior a Cr$ 1.000,00 (mil cruzeiros), que 
forem nominalmente consignadas a qualquer repartição federal, estadual ou 
municipal, poderão ser entregues, no destino, independente do resgate do 
respectivo conhecimento original se a repartição consignatária oficialmente o 
pedir à empresa transportadora, por escrito, e der a esta recibo idôneo passado 
em forma regular. 
(Redação dada pelo Decreto-Lei nº 4.938, de 1942)



§ 7º As mercadorias de valor até Cr$10.000,00 (dez mil 
cruzeiros) poderão ser retiradas, independentemente do conhecimento, mediante as 
cautelas instituídas nas leis ou regulamentos em vigor. A estimativa dêsse 
valor, não tendo sido feita na ocasião do despacho, competirá ao prudente 
arbitro da emprêsa de transporte no momento da entrega da mercadoria.
(Redação dada pelo Decreto do Conselho de 
Ministro nº 374, de 1961)

§ 8º A empresa poderá requerer o depósito. por conta 
de quem pertencer a mercadoria não retirada em tempo, nos casos permitidos em 
lei ou regulamento bem como no do § 2º, deste artigo. 
(Incluído pelo Decreto 19.754, de 1931)

Continuam em vigor as disposições relativas aos 
gêneros perigosos, nocivos ou de fácil deterioração. Os gêneros alimentícios, 
destinados a consumo imediato, poderão ser entregues ao destinatário, em falta 
de conhecimento, mediante as formalidades usuais. 
(Incluído pelo Decreto 19.754, de 1931)



Art. 10. Os conhecimentos de despacho de bagagem, encomenda, animais, valores, 
transporte a domicílio, continuarão a reger-se pelo regulamento geral de 
transporte, que subsistirá em vigor, mesmo no concernente a mercadorias, em tudo 
quanto não colida com as disposições deste decreto e da 
lei 
n. 2.681, de 7 de dezembro de 1922. 


 
Art. 
10. Os conhecimentos e a entrega de bagagem, encomenda, bem como de animais, 
valores e objetos remetidos a domicílio continuarão a reger-se pelo regulamento 
geral dos transportes o qual continuará em vigor, mesmo no concernente a cargas, 
em tudo quanto não colida com as disposições deste  decreto da 
lei n. 2.681, de 
7 de dezembro de 1912. (Redação dada pelo Decreto 
19.754, de 1931)


 

Art. 11. Este decreto entrará em vigor na data
da sua publicação. 


Parágrafo único. Os conhecimentos de frete de
transportes terrestres já expedidos antes deste decreto segundo o estilo do lugar da
emissão, consideram-se plenamente válidos e gozam das regalias ou torgadas neste mesmo
decreto, embora haja ação, ou execução ainda pendente. 


 

Art. 12. Revogam-se as disposições em
contrário. 


Rio de Janeiro, 10 de dezembro de 1930, 109º
da Independência e 42º da República.

GETULIO
VARGAS. 
José Maria Whitaker.
Este texto não substitui o
publicado no DOU de 12.12.1930
*
 
 
 
 
 
 
 
 
 
 
"
"19.473, de 10.12.1930
Publicado na CLBR , 31.12. 1930";Regula os conhecimentos de transporte de mercadorias por terra, água ou ar, e dá outras providências.;1930;"




Presidência
    da República
Casa Civil
Subchefia para Assuntos Jurídicos



DECRETO Nº 19.473 DE 10 DE DEZEMBRO DE
1930.



Revogado pelo 
	Decreto de 25/04/1991
Texto para impressão

Regula os conhecimentos de transporte de
    mercadorias por terra, água ou ar, e dá outras providências 





O Chefe do Governo Provisório da República
dos Estados Unidos do Brasil  



DECRETA:



 

Art. 1º O conhecimento de frete original,
emitido por empresas de transporte por água, terra ou ar, prova o recebimento da
mercadoria e a obrigação de entregá-la no lugar do destino. 


Reputa-se não escrita qualquer cláusula
restritiva, ou modificativa, dessa prova, ou obrigação. 


É titulo à ordem; salvo cláusula ao
portador, lançada no contexto. 


Parágrafo único. Considera-se original o
conhecimento do qual não constar a declaração de segunda, ou outra via. 


Tais vias não podem circular, sendo emitidas
somente para efeitos em face da empresa emissora. 


 

Art. 2º O conhecimento de frete deve conter: 


I. O nome, ou denominação da empresa
emissora; 


II. O número de ordem; 


III. A data, com indicação de dia, mês e
ano; 


IV. Os nomes do remetente e do consignatário,
por extenso. 


O remetente pode designar-se como consignatário, e a indicação deste substituir-se pela cláusula ao portador. 


Será ao portador o conhecimento que não
contiver a indicação do consignatário. 


V. O lugar da partida e o destino. 


Faltando a indicação do lugar da partida,
entende-se ser este o mesmo da emissão. 


VI. A espécie e a quantidade ou peso da
mercadoria, bem como as marcas, os sinais exteriores dos volumes de embalagem. 


VII. A importância do frete e o lugar e a
forma de pagamento. 


A importância será declarada por extenso e em
algarismos, prevalecendo a primeira, em caso de divergência. 


Não indicada outra forma, o pagamento será a
dinheiro de contado e por inteiro, no ato da entrega da mercadoria e no lugar do destino,
se outro não tiver sido designado. 


A falta de pagamento de frete e despesas
autoriza a retenção da mercadoria, à conta e risco de quem pertencer. 

VII  A importância do 
frete, com a declaração de que é pago ou a pagar, e do lugar e da forma do 
pagamento. (Redação dada pelo Decreto 19.754, de 1931)

A importância será declarada por extenso e em 
algarismos, prevalecendo a primeira em caso de divergência.
(Redação dada pelo Decreto 19.754, de 1931)

Emitido o conhecimento com frete a pagar e não 
indicada a forma do pagamento, este será a dinheiro de contado e por inteiro, no 
ato da entrega da mercadoria e no lugar do destino, se outro não tiver sido 
designado. A falta de pagamento do frete despesas autoriza a retenção da 
mercadoria. (Redação dada pelo Decreto 19.754, de 
1931)


VIII. A assinatura do empresário ou seu
representante, abaixo do contexto. 


§ 1º O conhecimento de frete marítimo
conterá os requisitos determinados pelo art. 575 do Código Comercial. 


§ 2º O teor do conhecimento pode ser, no todo
ou em parte, manuscrito, datilografado, ou impresso; a assinatura do empresário, ou seu
representante, deve, porem, ser autêntica. 


§ 3º O contexto incompleto, ou errado, pode
ser completado, ou corrigido, mediante declaração escrita da empresa emissora, lançada
no anverso do título e devidamente datada e assinada pelo empresário ou seu
representante. 


 

Art. 3º O conhecimento nominativo é transferivel, sucessivamente, por endosso em preto, ou em branco, seguido da respectiva
tradução. 


É em preto o endosso em que consta a
indicação do nome, por extenso, do endossatário; em branco, aquele que o não
     contem. 


§ 1º O primeiro endossador deve ser o
remetente, ou o consignatário. 


§ 2º O endosso em branco faz o título
circular ao portador, até novo endosso. O portador pode preenchê-lo. 


§ 3º O último endossatário e detentor do
conhecimento presume-se proprietário da mercadoria nele declarada (art. 2º, n. VII). 


A mera tradição manual transfere o
conhecimento ao portador, ou endossado em branco, para o mesmo efeito. 


 

Art. 4º A cláusula de mandato, inserta no
teor do endosso em preto, faz o endossatário procurador do endossador, com todos os
poderes gerais e especiais relativos ao título: salvo restrição expressa, constante do
mesmo teor. O substabelecimento do mandato pode dar-se mediante novo endosso, de igual
espécie. 


Parágrafo único. Lançada a cláusula de
penhor ou garantia, o endossatário é credor pignoratício do endossador. 


Ele pode retirar a mercadoria, depositando-a,
com a mesma cláusula, em armazem-geral, ou, senão, onde convier, de acordo com o
endossador. 


Pode tambem exigir, a todo tempo, que o
armazem-geral emita o respectivo conhecimento de depósito e o warrant, ficando aquele à
livre disposição do dono da mercadoria, e este à do credor pignoratício para lhe ser
entregue depois de devidamente endossado. A recusa do devedor pignoratício de endossar o
warrant sujeita-o à multa de dez por cento (10 %) sobre o valor da mercadoria, a
benefício do credor. 


Sobre a mercadoria, depositada com cláusula de
penhor ou garantia, somente se expedirão esses títulos mediante assentimento do credor,
que se não poderá opor em se lhe oferecendo o respectivo warrant. 


 

Art. 5º O endosso deve ser puro e simples;
reputam-se não escritas quaisquer cláusulas condicionais ou modificativas, não
autorizadas em lei. 


O endosso parcial é nulo. 


O endosso cancelado considera-se anulado.
Entretanto, é habil para justificar a série das transmissões do título. 


 

Art. 6º O endossatário nominativo e o
portador do conhecimento ficam investidos nos direitos e obrigações do consignatário,
em face da empresa emissora. 


O endossador responde pela legitimidade do
conhecimento e existência da mercadoria, para com os endossatários posteriores, ou
portadores. 


Parágrafo único. É sumaria a ação fundada
no conhecimento de frete. 


 

Art. 7º O remetente, consignatário,
endossatário ou portador pode, exibindo o conhecimento, exigir o desembarque e a entrega
da mercadoria em trânsito, pagando o frete por inteiro e as despesas extraordinárias a
que der causa. Extingue-se então o contrato de transporte e recolhe-se o respectivo
conhecimento. 


O endossatário em penhor ou garantia não goza
dessa faculdade. 


 

Art. 8º A tradição do conhecimento ao consignatário, ao endossatário ou ao portador, exime a respectiva mercadoria de arresto,
sequestro, penhora, arrecadação, ou qualquer outro embaraço judicial, por fato,
dívida, falência, ou causa estranha ao     proprio dono atual do
título; salvo caso de má fé provada. 


O conhecimento, parem, está sujeito a essas
medidas judiciais, por causa que respeite ao respectivo dono atual. Neste caso a
apreensão do conhecimento equivale à da mercadoria. 


Art. 9º Em caso de perda, ou extravio, do
conhecimento, o remetente, consignatário, endossatário ou portador, exibindo outra via
ou certidão do título, fará, no foro da comarca do lugar do destino, justificação do
fato, com intimação do representante do Ministério Público, publicando-se, em seguida,
editais na imprensa do lugar, em falta, na do mais próximo, e afixando-se como de
costume, por cinco dias. Onde houver Bolsa de Mercadorias e Câmara Sindical de
Corretores, far-se-á público pregão e aviso afixado a quem interessar possa. 


Findo o prazo, aguardar-se-ão em cartório
mais quarenta e oito horas. 


Se não aparecer oposição, o juiz proferirá
sentença, nas subsequentes quarenta e oito horas, ordenando a expedição de mandado para
entrega da mercadoria relativa ao conhecimento. 


§ 1º Havendo oposição, o juiz marcará o
prazo de cinco dias para a prova, que será comum a ambas as partes, arrazoando estas a
final em dois dias cada uma. Conclusos os autos, a sentença deve ser preferida em cinco
dias, ordenando ou denegando a entrega da mercadoria ao requerente ou ao opoente. 


Todos os prazos independem de assinação em
audiência e correm em cartório. 


§ 2º Da sentença, quer tenha havido ou não
oposição, cabe agravo de petição. 


 
Art. 
9º Em caso de perda, ou extravio, do conhecimento, qualquer interessado pode 
avisar a empresa do transporte, no lugar do destino, para que retenha a 
respectiva mercadoria. (Redação dada pelo Decreto 
19.754, de 1931)

§ 1º Se o aviso provier do consignatário, ou do 
remetente, a empresa anunciará o fato três vezes consecutivas, à custa do 
comunicante, pela imprensa do lugar do destino, se houver, senão pela da Capital 
do Estado, ou da localidade mais próxima que a tenha. 
(Redação dada pelo Decreto 19.754, de 1931)

Não havendo reclamação relativa à propriedade, ou 
penhor, do conhecimento durante os dias do anúncio e mais os dois imediatos, a 
mercadoria será entregue ao notificante de acordo com as disposições legais ou 
regulamentares. (Redação dada pelo Decreto 19.754, de 
1931)

Se o aviso provier de outrem que não o consignatário 
ou o remetente, valerá como reclamação contra a entrega da mercadoria, para ser 
judicialmente processada na forma do § 2º a seguir. 
(Redação dada pelo Decreto 19.754, de 1931)

§ 2º Havendo reclamação, a mercadoria não será 
entregue e o reclamante, exibindo outra via ou certidão do conhecimento, fará, 
no foro da comarca do lugar do destino, justificação do fato e do seu direito, 
com intimação do orgão do Ministério Público, publicando-se em seguida, editais 
como determina o § 1º deste artigo, e afixando-se como de costume. Onde houver 
Bolsa de Mercadorias e Câmara Sindical de Corretores, far-se-á público pregão e 
aviso a quem interessar possa. (Redação dada pelo 
Decreto 19.754, de 1931)

Findo o prazo, aguardar-se-ão mais quarenta e oito 
horas. (Redação dada pelo Decreto 19.754, de 1931)

Se não aparecer oposição o juiz proferirá sentença, 
nas, subsequentes quarenta e oito horas e, uma vez passado o prazo para o agravo 
(5º), Poderá ordenar a expedição de mandado de entrega da mercadoria ao 
reclamante. (Redação dada pelo Decreto 19.754, de 
1931)

§ 3º Havendo oposição, o juiz marcará o prazo de 
cinco dias para prova, arrazoando as partes afinal, no prazo de dois dias cada 
uma. Conclusos os autos, o juiz proferirá sentença em cinco dias.
(Incluído pelo Decreto 19.754, de 1931)

§ 4º Todos os prazos judiciais correrão em cartório, 
independentemente de assinação em audiência. (Incluído 
pelo Decreto 19.754, de 1931)

§ 5º Da sentença, tenha, ou não, havido oposição 
caberá agravo de petição. (Incluído pelo Decreto 
19.754, de 1931)

§ 6º A exibição do conhecimento original suspenderá 
as diligências judiciais e extra-judiciais prescritas pelo presente artigo, 
continuando o título a produzir plenamente o efeitos que lhe são próprios.
(Incluído pelo Decreto 19.754, de 1931)

§ 7º As mercadorias de valor até um conto de 
réis poderão ser retiradas, independentemente do conhecimento, mediante as 
cautelas instituidas nas leis ou regulamentos em vigor. A estimativa desse 
valor, não tendo sido feita na ocasião do despacho, competirá ao prudente 
arbítrio da empresa do transporte, no momento da entrega da mercadoria.
(Incluído pelo Decreto 19.754, de 1931)

§ 7º As mercadorias de 
valor até Cr$ 1.000,00 (mil cruzeiros), poderão ser retiradas, independentemente 
do conhecimento, mediante as cautelas instituidas nas leis ou regulamentos em 
vigor. A estimativa desse valor, não tendo sido feita na ocasião do despacho, 
competirá ao prudente arbítrio da empresa do transporte no momento da entrega da 
mercadoria. As mercadorias de valor superior a Cr$ 1.000,00 (mil cruzeiros), que 
forem nominalmente consignadas a qualquer repartição federal, estadual ou 
municipal, poderão ser entregues, no destino, independente do resgate do 
respectivo conhecimento original se a repartição consignatária oficialmente o 
pedir à empresa transportadora, por escrito, e der a esta recibo idôneo passado 
em forma regular. 
(Redação dada pelo Decreto-Lei nº 4.938, de 1942)



§ 7º As mercadorias de valor até Cr$10.000,00 (dez mil 
cruzeiros) poderão ser retiradas, independentemente do conhecimento, mediante as 
cautelas instituídas nas leis ou regulamentos em vigor. A estimativa dêsse 
valor, não tendo sido feita na ocasião do despacho, competirá ao prudente 
arbitro da emprêsa de transporte no momento da entrega da mercadoria.
(Redação dada pelo Decreto do Conselho de 
Ministro nº 374, de 1961)

§ 8º A empresa poderá requerer o depósito. por conta 
de quem pertencer a mercadoria não retirada em tempo, nos casos permitidos em 
lei ou regulamento bem como no do § 2º, deste artigo. 
(Incluído pelo Decreto 19.754, de 1931)

Continuam em vigor as disposições relativas aos 
gêneros perigosos, nocivos ou de fácil deterioração. Os gêneros alimentícios, 
destinados a consumo imediato, poderão ser entregues ao destinatário, em falta 
de conhecimento, mediante as formalidades usuais. 
(Incluído pelo Decreto 19.754, de 1931)



Art. 10. Os conhecimentos de despacho de bagagem, encomenda, animais, valores, 
transporte a domicílio, continuarão a reger-se pelo regulamento geral de 
transporte, que subsistirá em vigor, mesmo no concernente a mercadorias, em tudo 
quanto não colida com as disposições deste decreto e da 
lei 
n. 2.681, de 7 de dezembro de 1922. 


 
Art. 
10. Os conhecimentos e a entrega de bagagem, encomenda, bem como de animais, 
valores e objetos remetidos a domicílio continuarão a reger-se pelo regulamento 
geral dos transportes o qual continuará em vigor, mesmo no concernente a cargas, 
em tudo quanto não colida com as disposições deste  decreto da 
lei n. 2.681, de 
7 de dezembro de 1912. (Redação dada pelo Decreto 
19.754, de 1931)


 

Art. 11. Este decreto entrará em vigor na data
da sua publicação. 


Parágrafo único. Os conhecimentos de frete de
transportes terrestres já expedidos antes deste decreto segundo o estilo do lugar da
emissão, consideram-se plenamente válidos e gozam das regalias ou torgadas neste mesmo
decreto, embora haja ação, ou execução ainda pendente. 


 

Art. 12. Revogam-se as disposições em
contrário. 


Rio de Janeiro, 10 de dezembro de 1930, 109º
da Independência e 42º da República.

GETULIO
VARGAS. 
José Maria Whitaker.
Este texto não substitui o
publicado no DOU de 12.12.1930
*
 
 
 
 
 
 
 
 
 
 
"
"19.466, de 6.12.1930
Publicado na CLBR , 31.12. 1930";Cria consulados privativos de fronteira, e dá outras providências.;1930;"


    Presidência da República

    Secretaria-Geral

    Subchefia para Assuntos Jurídicos



DECRETO Nº 19.466, de 6 de DEZEMBRO de 1930




Cria consulados privativos de fronteira, e 
		dá outras providências

     Down
    

     Up
    


      Texto para impressão
     



      Texto atualizado
     

      Texto compilado
     



      Revogado pelo Decreto nº 1.018, de 1993
     




O Chefe do Governo Provisório da República dos Estados Unidos do Brasil:

   Considerando a necessidade de manter em certos postos de fronteira do sul do país funcionários que estejam familiarizadas com o meio;

   Considerando, tambem, a utilidade de que tais funcionários sejam, na medida do possível; inamoviveis, para que melhor possam prestar nesses postos os serviços que deles espera o Governo;

   Considerando, ainda; que, no quadro atual dos funcionários consulares, poucos são os que preenchem esses requisitos;

DECRETA:




   Art.
    1º Ficam criados consulados privativos nas cidades de Alvear, Artigas, Bela União, Melo, Paso de los Libres, Paissandú, Posadas, Rio Branco, Rivera e Santo Tomé.


Art.
   

    2º Serão nomeados, em comissão, para esses postos, no carater de cônsules privativos, brasileiros idôneos e que não pertençam ao quadro do Corpo Consular.


Art.
   

    3º Tais funcionários formarão um quadro à parte, não lhes sendo aplicaveis as normas regulamentares em matéria de ajudas de custo, férias extraordinárias, promoção, disponibilidade e aposentadoria.


Art.
   

    4º A remoção dos consulados privativos só poderá ser feita para consulados dessa espécie.


Art.
   

    5º Os consulados privativos situados na República Argentina ficarão diretamente subordinados ao Consulado Geral em Buenos Aires e os na República Oriental do Uruguai, ao Consulado Geral em Montevidéu, estando sujeitos, para todos os efeitos, à mesma legislação que regula a
   

     
   

    arrecadação de renda consular e respectiva prestação de contas.


Art.
   

    6º Os cônsules privativos perceberão anualmente a gratificação de 2:000$0, ouro, e mais 1:000$0, ouro; para despesas de aluguel e expediente.


Art.
   

    7º Revogam-se as disposições em contrário.


    Rio de Janeiro, 6 de dezembro de 1930, 109º da Independência e 42º da República.


    GETULIO VARGAS
    A. de Mello Franco


   Este texto não substitui o original publicado no CLBR, de 31.12.1930

*
 
 
 
 
 
 
 


   includeHTML();
  

   Não remover
  


"
"19.465, de 6.12.1930
Publicado na CLBR , 31.12. 1930";Eleva consulados honorários a consulados de carreira e dá outras providencias.;1930;"


    Presidência da República

    Secretaria-Geral

    Subchefia para Assuntos Jurídicos



DECRETO Nº 19.465, de 6 de DEZEMBRO de 1930

   Eleva consulados honorários a consulados de carreira e dá outras providencias



     Down

     Up


      Texto para impressão


      Texto atualizado
     

      Texto compilado


      Revogado pelo Decreto nº 1.018, de 1993




O Chefe do Governo Provisório da República dos Estados Unidos do Brasil, tendo em apreço a exposição que lhe foi presente sobre o serviço consular, demonstrando a conveniência de se elevarem á categoria de consulados de carreira alguns consulados honorários, cuja renda revela um apreciavel intercâmbio comercial com o Brasil, suscetivel de ser intensificada,



    DECRETA:


Art.
   

    1º São elevados à categoria de consulados de primeira classe os seguintes consulados e vice-consulados honorários. Baía Blanca, Dunquerque, La Plata, Málaga, Port Arthur, Swansea e Wupertal.


Art.
   

    2º São elevados à categoria de consulados de segunda classe os seguintes consulados e vice-consulados honorários: Aalborg, Alméria, Christiansund, Colônia, Galveston, Jacksonville, Las Palmas, Newport, Saint Gall, S. Francisco, Savannah, Estocolmo, Terra Nova, Turim e Valência.


Art.
   

    3º Revogam-se as disposições em contrário.


    Rio de Janeiro, 6 de dezembro de 1930, 109º da Independência e 42º da República.


    GETULIO VARGAS.
    A. de Mello Franco.


   Este texto não substitui o original publicado no CLBR, de 31.12.1930

*
 
 
 
 
 
 
 


   includeHTML();
  

   Não remover
  


"
"19.464, de 6.12.1930
Publicado na CLBR , 31.12. 1930";Suprime consulados de carreira e dá outras providências.;1930;"


    Presidência da República

    Secretaria-Geral

    Subchefia para Assuntos Jurídicos



DECRETO Nº 19.464, de 6 de DEZEMBRO de 1930

   Suprime consulados de carreira e dá outras providências



     Down

     Up


      Texto para impressão


      Texto atualizado
     

      Texto compilado


      Revogado pelo Decreto nº 1.018, de 1993




O Chefe do Governo Provisório da República dos Estados Unidos do Brasil, tendo em apreço a exposição que lhe foi presente sobre o serviço consular, demonstrando a conveniência de serem suprimidos alguns consulados de carreira, cuja renda não justifica sua existência em face dos atuais interesses do país, os quais requerem o aproveitamento dos respectivos funcionários em postos de situação geográfica mais adequada ao desenvolvimento do intercâmbio comercial do Brasil,



    DECRETA:


Art.
   

    1º Ficam suprimidos os consulados de 1ª classe em Bruxelas, Chicago, Madri, Panamá, Posadas, Rivera, Roma e Salto.


Art.
   

    2º Ficam suprimidos os consulados de 2ª classe em Alvear, Artigas, Barbada, Bela União, Caiena, Copenhague, Dublim, Galatz, La Rochelle, Melo, Munique, New-Port-News, Odessa, Paso de los Libres, Paissandú, Rio Branco e Santo Tomé.


Art.
   

    3º Revogam-se as disposições em contrário.


    Rio de Janeiro, 6 de dezembro de 1930, 109º da Independência e 42º da República.


    GETULIO VARGAS.
    A. de Mello Franco.


   Este texto não substitui o original publicado no CLBR, de 31.12.1930

*
 
 
 
 
 
 
 


   includeHTML();
  

   Não remover
  


"
"19.463, de 6.12.1930
Publicado na CLBR , 31.12. 1930";Cria consulados de carreira, e dá outras providencias;1930;"


    Presidência da República

    Secretaria-Geral

    Subchefia para Assuntos Jurídicos



DECRETO Nº 19.463, de 6 de DEZEMBRO de 1930

   Cria consulados de carreira, e dá outras providencias



     Down

     Up


      Texto para impressão


      Texto atualizado
     

      Texto compilado


      Revogado pelo Decreto nº 1.018, de 1993




O Chefe do Governo Provisório da República dos Estados Unidos do Brasil, tendo em apreço a exposição que lhe foi presente sobre a conveniência de ser modificada a distribuição dos consulados de carreira de modo a melhor atender os interesses econômicos e comerciais do país,



    DECRETA:


Art.
   

    1º Ficam criados consulados de carreira, de 1ª classe, em Atenas e Beirute e de 2ª classe, em Belgrado.


Art.
   

    2º Revogam-se as disposições em contrário.


    Rio de Janeiro, 6 de dezembro de 1930, 109º da Independência e 42º da República.


    GETULIO VARGAS
    A. de Mello Franco


   Este texto não substitui o original publicado no CLBR, de 31.12.1930

*
 
 
 
 
 
 
 


   includeHTML();
  

   Não remover
  


"
"19.461, de 6.12.1930
Publicado na CLBR , 31.12. 1930";Cria Consulados e Vice-Consulados honorários, e dá outras providencias;1930;"


    Presidência da República

    Secretaria-Geral

    Subchefia para Assuntos Jurídicos



DECRETO Nº 19.461, de 6 de DEZEMBRO de 1930

   Cria Consulados e Vice-Consulados honorários, e dá outras providencias



     Down

     Up


      Texto para impressão


      Texto atualizado
     

      Texto compilado


      Revogado pelo Decreto nº 1.018, de 1993




O Chefe do Governo Provisório da República dos Estados Unidos do Brasil, tendo em apreço a exposição que lhe foi presente sobre a vantagem de serem mantidos Consulados ou Vice-Consulados honorários em alguns dos postos onde havia Consulados do carreira ora suprimidos.



    DECRETA:


Art.
   

    1º Ficam criados consulados honorários em Chicago, Dublim e Panamá.


Art.
   

    2º Ficam criados Vice-Consulados honorários em Barbada, Caienna, Galatz e La Rochelle.


Art.
   

    3º Revogam-se as disposições em contrário.


    Rio de Janeiro, 6 de dezembro de 1930, 109º da Independência e 42º da República.


    GETULIO VARGAS
    A. de Mello Franco


   Este texto não substitui o original publicado no CLBR, de 31.12.1930

    

*
 
 
 
 
 
 
 


   includeHTML();
  

   Não remover
  


"
"19.460, de 6.12.1930
Publicado na CLBR , 31.12. 1930";Altera a categoria de Consulados de carreira e dá outras providencias.;1930;"


    Presidência da República

    Secretaria-Geral

    Subchefia para Assuntos Jurídicos



DECRETO Nº 19.460, de 6 de DEZEMBRO de 1930

   Altera a categoria de Consulados de carreira e dá outras providencias



     Down

     Up


      Texto para impressão


      Texto atualizado
     

      Texto compilado


      Revogado pelo Decreto nº 1.018, de 1993




O Chefe do Governo Provisório da República dos Estados Unidos do Brasil, tendo em apreço a exposição que lhe foi presente sobre o serviço consular, demonstrando a conveniência de ser alterada, com melhor arrecadação, a categoria de alguns consulados de carreiras, de acordo com atuais interesses econômicos comerciais, do pais,



    DECRETA:


Art.
   

    1º O Consulado Geral em Iocoama passa à categoria de Consulado de 1ª classe.


Art.
   

    2º O Consulado de 1ª' classe em Cobe é elevado à categoria de Consulado Geral.


Art.
   

    3º Os consulados de 1ª classe em Boulogne e Dantzig passam à categoria de consulados de 2ª classe.


Art.
   

    4º O Consulado de 2ª classe em Varsóvia é elevado à categoria de Consulado de 1ª classe.


Art.
   

    5º Revogam-se as disposições em contrário.


    Rio de Janeiro, 6 de dezembro de 1930, 109º da Independência e 42º da República.


    GETULIO VARGAS
    A. de Mello Franco


   Este texto não substitui o original publicado no CLBR, de 31.12.1930

*
 
 
 
 
 
 
 


   includeHTML();
  

   Não remover
  


"
"19.448, de 3.12.1930
Publicado na CLBR , 31.12. 1930";"Dá nova denominação ao Ministério da Agricultura, Industria e Comércio; estabelece normas para o funcionamento dos serviços sob sua jurisdição até que sejam remodelados os regulamentos atuais, e adota medidas tendentes à simplificação dos serviços burocráticos nesse ministério,";1930;"
"
"19.408, de 18.11.1930
Publicado na CLBR , 31.12. 1930";Reorganiza a Corte de Apelação, e dá outras providências.;1930;"




Presidência
    da República
Casa Civil
Subchefia para Assuntos Jurídicos





DECRETO Nº 
19.408 DE 18 DE NOVEMBRO DE 1930.




Revogado 
	pelo Decreto nº 11, de 1991
Texto para 
	impressão

Reorganiza a 
	Corte de Apelação, e dá outras providências.




O Chefe do 
Governo Provisório da República dos Estados Unidos do Brasil:

Atendendo à necessidade de 
prover ao melhor funcionamento da Justiça local do Distrito Federal, fazendo 
equitativa distribuição dos feitos, normalizando o desempenho dos cargos 
judiciários, diminuindo os onus aos litigante, em busca do ideal da justiça 
gratuita, prestigiando a classe dos advogados, e enquanto não se faz a 
definitiva reorganização da Justiça, 

DECRETA:

Art. 1º A Corte de Apelação do 
Distrito Federal, constituida de vinte e dois desembargadores, se compõe de seis 
Câmaras, sendo a primeira e a segunda criminais, a terceira e a quarta civeis e 
a quinta e a sexta de agravos, cada uma, com três membros e presididas pelos 
vice-presidentes da Corte.

Art. 2º A Corte de Apelação será 
presidida por um presidente, as câmaras criminais pelo primeiro vice-presidente, 
as civeis pelo segundo e as de agravo pelo terceiro.

Art. 3º O presidente, os 
vice-presidentes e os membros das Câmaras serão eleitos pela Corte de Apelação, 
sendo aqueles pelo prazo de dois anos, proibidas as reeleições.

Art. 4º As atribuições da Corte 
de Apelação e das Câmaras são as definidas na legislação vigente, distribuidos 
os processos alternada e obrigatoriamente a cada câmara na esfera das suas 
atribuições criminal, civel e de agravos.

Parágrafo único. Os feitos serão 
processados e julgados de acordo com a legislação vigente, aplicado aos 
julgamentos criminais o disposto no art. 1.169 e parágrafos do decreto n. 
16.752. de 31 de dezembro de 1924, sendo sempre julgados em sessão secreta os 
recursos criminais do Ministério Público, nos processos de crimes inafiançaveis 
de réu solto.

Art. 5º Os acordãos das câmaras 
constituem decisão da última instância, salvo as exceções expressas nos arts. 
100 e 102 do decreto n. 16.273, de 20 de dezembro de 1923, que ficam 
revigorados, e as decisões de recebimento ou rejeição de queixa ou denúncia nos 
processos da competência originária da Corte.

Art. 6º Os embargos e recursos 
nos acordãos das câmaras serão julgados pelas duas câmaras criminais, civeis e 
do agravo, respectivamente, em sessão conjunta, tendo o presidente voto de 
desempate.

Art. 7º Fica restabelecido o 
instituto dos prejulgados, criado pelo decreto n. 16.273, de 20 de dezembro de 
1923. destinada a uniformizar a jurisprudência das Câmaras.

Art. 8º Todos os recursos para 
as Câmaras da Corte de Apelação serão arrazoados na primeira instância.

Art. 9º As câmaras se reunirão 
duas vezes por semana, no mínimo, em dias previamente designados pelos seus 
presidentes.

Art. 10. Nos impedimentos 
ocasionais dos juizes das câmaras, a substituição se fará pelos das outras, na 
ordem numérica das câmaras e de antiguidade dos juizes, sendo os da sexta câmara 
substituidos pelos da primeira.

Parágrafo único. O presidente da 
Corte será substituido pelos vice-presidentes, na ordem numérica, e estes pelos 
desembargadores mais antigos nas respectivas câmaras conjuntas.

Art. 11. As férias dos 
magistrados e membros do Ministério Público, limitadas a quarenta e cinco dias, 
serão gozadas de uma só vez, em qualquer época do ano, tendo-se em consideração 
a conveniência do serviço público.

Art. 12. O presidente da Corte 
regulará o gozo das férias dos magistrados, não permitindo a ausência simultânea 
de mais de três desembargadores, um de cada câmara conjunta.

Parágrafo único. Os 
desembargadores em gozo de férias ou licenças serão substituidos pelos juizes de 
direito convocados pelo presidente da Corte de Apelação.

Art. 13. O Conselho Supremo da 
Corte de Apelação, com a designação de Conselho de Justiça, se constitue dos 
presidentes das três câmaras, terá como presidente o da Corte e exercerá as 
atribuições que lhe são conferidas na legislação vigente.

Art. 14. Os 
magistrados e membros do Ministério Público não poderão exercer qualquer cargo 
de eleição, nomeação ou comissão, mesmo de natureza gratuita, salvo o exercício 
do magistério. (Vide Decreto nº 20.062, de 1931)
(Vide Decreto nº 20.680, de 1931)

Art. 15. Os funcionários e 
serventuários da Justiça {decreto n. 16.273, de 20 de dezembro de 1923) são 
obrigados a exercer pessoalmente as suas funções e só poderão se afastar de seus 
cargos em gozo de férias ou licenças por motivo de moléstia, regularmente 
concedidas, casos em que serão substituidos na forma da lei.

Art. 16. Ao funcionário ou 
serventuário da Justiça que pedir mais de dois anos de licença para tratamento 
de saude será aplicado o preceito dos arts. 281 e 282, do decreto n. 16.273, de 
20 de dezembro de 1923, se comprovada a invalidez.

Art. 17. Fica criada a Ordem dos 
Advogados Brasileiros, orgão de disciplina e seleção da classe dos advogados, 
que se regerá pêlos estatutos que forem votados pelo Instituto da Ordem dos 
Advogados Brasileiros, com a colaboração dos Institutos dos Estados, e aprovados 
pelo Governo.

 Art. 18. Todos os feitos civeis 
e criminais e administrativos na Justiça local do Distrito Federal serão 
distribuidos, alternada e obrigatoriamente, aos respectivos Juizos, na esfera 
das suas atribuições, exercendo o Ministério Público severa vigilância para 
assegurar a igualdade nas distribuições.

§ 1º As petições iniciais dos 
feitos da competência das varas civeis, uma vez distribuidas, serão 
imediatamente remetidas pelo distribuidor, em protocolo, com a precisa indicação 
do dia e hora da distribuição, ao respectivo escrivão.

§ 2º Se o interessado não 
promover a diligência requerida no prazo de três dias, o escrivão devolverá, a 
petição por protocolo, cancelando o distribuidor a distribuição e fazendo a 
devida compensação com a primeira petição da mesma natureza que entrar.

Art. 19. 
Ficam revogados o

decreto n. 18.393, de 17 de setembro de 1928, e os
arts. 2º e
5º do decreto n. 5.672, de 9 de março de 
1929, e revigorado o regimento de custas aprovado pelo

decreto n. 10.291, de 25 de junho de 1913, com as restrições contidas no
artigo 3º do decreto n. 5.427, de 9 de 
janeiro de 1928, e parágrafo unico 
do art. 29 do decreto n. 5.053, de 6 de novembro de 1926, que continuam em 
vigor.

Parágrafo único. As custas 
devidas no juizo de Acidentes do Trabalho serão cobradas de acordo com as 
rubricas relativas aos. juizos civeis e curadorias de orfãos.

Art. 20. A taxa judiciária será 
paga em estampilhas, metade inutilizada pelo distribuidor, ao distribuir os 
feitos, e a outra metade pelo escrivão, ao fazer os autos conclusos para 
julgamento.

Art. 21. Revogam-se as 
disposições em contrário.

Rio de Janeiro, 18 de novembro 
de 1930, 109º da Independência e 42º da República.

GETULIO VARGAS.

Oswaldo 
Aranha.
Este texto não substitui o publicado 
na CLBR de 1930 
 
 
 
 
 
 
 
 
"
"19.398, de 11.11.1930
Publicado na CLBR , 31.12. 1930";Institue o Governo Provisório da República dos Estados Unidos do Brasil, e dá outras providencias.;1930;"




Presidência
    da República
Casa Civil
Subchefia para Assuntos Jurídicos




DECRETO Nº 19.398 DE 11 DE 
NOVEMBRO DE
1930.



Revogado pelo Decreto nº 11 de 1991
Texto para 
	impressão



Institue o Governo Provisório da República dos Estados Unidos 
	do Brasil, e dá outras providencias 




O Chefe do 
Governo Provisório da República dos Estados Unidos do Brasil 

DECRETA:  


Art. 1º O Governo Provisório exercerá discricionariamente, em toda sua 
plenitude, as funções e atribuições, não só do Poder Executivo, como tambem do 
Poder Legislativo, até que, eleita a Assembléia Constituinte, estabeleça esta a 
reorganização constitucional do país;  


Parágrafo único. Todas as nomeações e demissões de 
funcionários ou de quaisquer cargos públicos, quer sejam efetivos, interianos ou 
em comissão, competem exclusivamente ao Chefe do Governo Provisório.
 


Art. 2º É confirmada, para todos os efeitos, a dissolução do Congresso 
Nacional das atuais Assembléias Legislativas dos Estados (quaisquer que sejam as 
suas denominações), Câmaras ou assembléiás municipais e quaisquer outros orgãos 
legislativos ou deliberativas, existentes nos Estados, nos municípios, no 
Distrito Federal ou Território do Acre, e dissolvidos os que ainda o não tenham 
sido de fato.  


Art. 3º O Poder Judiciário Federal, dos Estados, do Território do Acre e do 
Distrito Federal continuará a ser exercido na conformidade das leis em vigor, 
com as modificações que vierem a ser adotadas de acordo com a presente lei e as 
restrições que desta mesma lei decorrerem desde já.  


Art. 
4º Continuam em vigor as Constituições Federal e Estaduais, as demais 
leis e decretos federais, assim como as posturas e deliberações e outros atos 
municipais, todos; porem, inclusive os próprias constituições, sujeitas às 
modificações e restrições estabelecidas por esta lei ou por decreto dos atos 
ulteriores do Governo Provisório ou de seus delegados, na esfera de atribuições 
de cada um.  


Art. 5º Ficam suspensas as garantias constitucionais e excluída a apreciação 
judicial dos atos do atos do Governo Provisório ou dos interventores federais, 
praticados na conformidade da presente lei ou de suas modificações ulteriores.




Parágrafo único. É mantido o habeas corpus em favor dos réus 
ou acusados em processos de crimes comuns, salvo os funcionais e os da 
competência de tribunais especiais.  


Art. 6º Continuem em inteiro vigor e plenamente obrigatórias todas as 
relações jurídicas entre pessoas de Direito Privado, constítuidas na forma da 
lesislação respectiva e garantidos os respectivos direitos adquiridos.




Art. 7º Continuam em inteiro vigor, na forma das leis aplicaveis, as 
obrigações e os direitos resultantes de contratas, de concessões ou outras 
outorgas, com a União, os Estados, os municípios, o Distrito Federal e o 
Território do Acre, salvo os que, submetidos a revisão, contravenham ao 
interesse público e á moralidade administrativa.  


Art. 8º Não se compreendem nos arts. 6º e 7º e poderão ser anulados ou 
restringidos, coletiva ou individualmente, por atos ulteriores, as direitos até 
aquí resultantes de nomeações, aposentadorias, jubilações, disponibilidade, 
reformas, pensões ou subvenções e, em geral, de todos os atos relativos a 
emprego, cargos ou o ofícios públicos, assim como do exercício ou o desempenho 
dos mesmos, inclusive, e, para todos os efeitos, os da magistratura, do 
Ministério Público, ofícios de Justiça e quaisquer outros, da União Federal, dos 
Estados, dos municípios, do Território do Acre e do Distrito Federal.
 


Art. 9º É mantida a autonamia financeira dos Estados e do Distrito Federal.




Art. 10. São mantidas em pleno vigor todas as obrigações assumidas pela União 
Federal, pelos Estados e pelos municípios, em virtude de empréstimos ou de 
quaisquer operações de crédito público;  


Art. 11. O Governo Provisório nomeará um interventor federal para cada 
Estado, salvo para aqueles já organizados; em os quais ficarão os respectivos 
presidentes investidos dos Poderes aquí mencionados.  


§ 1º O interventor terá, em cada Estado, os proventos, 
vantagens e prerrogativas, que a legislação anterior do mesmo Estado confira ao 
seu presidente ou governador, cabendo-lhe exercer, em toda plenitude, não só o 
Poder Executivo como tambem o Poder Legislativo.  


§ 2º O interventor terá, em relação à Constituição e leis 
estaduais, deliberações, posturas e atas municipais, os mesmos poderes que por 
esta lei cabem ao Governo Provisório, relativamente à Constituição e demais leis 
federais, cumprindo-lhe executar os decretos e deliberações daquele no 
território do Estado respectivo.  


§ 3º O interventor federal será exonerado a critério do 
Governo Provisório.  


§ 4º O interventor nomeará um prefeito para cada município, 
que exercerá aí todas as funções executivas e legislativas, podendo o 
interventor exonerá-lo quando entenda conveniente, revogar ou modificar qualquer 
dos seus atos ou resoluções e dar-Ihe instruções para o bom desempenho dos 
cargos respectivos e regularização e eficiência dos serviços municipais.




§ 5º Nenhum interventor ou prefeito nomeará parente seu, 
consanguíneo ou afim, até o sexto grau, para cargo público no Estado ou




§ 6º O interventor e o prefeito, depois de regularmente, 
empossados, ratificarão expressamente ou revogarão os atos ou deliberações, que 
eles mesmos, antes de sua investidura, de acordo com a presente lei, ou 
quaisquer outras autoridades; que anteriormente tenham administrado de fato o 
Estado ou o município, hajam praticado.  


§ 7º Os interventores e prefeitos manterão, com a amplitude 
que as condições locais permitirem, regime de publicidade dos seus atos e dos 
motivos que os determinarem, especialmente no que se refira à arrecadação e 
aplicação dos dinheiros públicos, sendo obrigatória a publicação mensal do 
balancete da Receita e da Despesa.  


§ 8º Dos atos dos interventores haverá recurso para o Chefe 
do Governo Provisório.  


Art. 12. A nova Constituição Federal manterá a forma republicana federativa e 
não poderá restringir os direitos dos municípios e dos cidadãos brasileiros e as 
garantias individuais constantes da
Constituição de 24 de fevereiro 
de 1891.  


Art. 13. O Governo Provisório, por seus auxiliares do Governo Federal e pelos 
interventores nos Estados, garantirá a ordem e segurança pública, promovendo a 
reorganização geral da República.  


Art. 14. Ficam expressamente ratificados todos os atos da Junta Governativa 
Provisória, constituída nesta Capital aos 24 de outubro último, e os do Governo 
atual.  


Art. 15. Fica criado o Conselho Nacional Consultivo, com poderes e 
atribuições que serão regulados em lei especial.  


Art. 16. Fica criado o Tribunal Especial para processo e julgamento de crimes 
políticos, funcionais e outros que serão discriminados na lei da sua 
organização.  


Art. 17. Os atos do Governo Provisório constarão de decretos expedidas pelo 
Chefe do mesmo Governo e subscritos pelo ministro respectivo.  


Art.18. Revogam-se todas as disposições em contrário.  


Rio de Janeiro, 11 de novembro de 1930, 109º da Independência 
e 42º da República.  


GETULIO VARGAS. 
Oswaldo Aranha. 
José Maria Whitaker. 
Paulo do Moraes Barros. 
Afranio de Mello Franco. 
José Fernandes Leite de Castro. 
José Isaias de Noronha. 
Este texto não substitui o
publicado na CLBR de 1930
 
"
"19.395, de 8.11.1930
Publicado no DOU de 11.11.1930";Concede anistia a todos os civís e militares envolvidos nos movimentos revolucionários ocorridos no país;1930;"




Presidência
    da República
Casa Civil
Subchefia para Assuntos Jurídicos




DECRETO Nº 19.395, DE 
8 DE 
NOVEMBRO DE
1930.


Vide 
	Decreto nº 19.696, de 1931
Vide Decreto nº 19.732, de 1931


Revogado pelo Decreto nº 11 de 1991

Texto para 
	impressão



	Concede anistia a todos os civís e militares envolvidos nos movimentos 
	revolucionários ocorridos no país





O Chefe do Governo Provisório da República dos Estados Unidos do Brasil


DECRETA:


Art. 1º É concedida anistia a todos os civís e militares que, direta ou 
indiretamente, se envolveram nos movimentos revolucionários, ocorridos no país.


§ 1º São incluídos nesta anistia todos os crimes políticos e militares, ou 
conexos com esses.


§ 2º Ficam em perpétuo silêncio, como se nunca tivessem existido, os processos e 
sentenças relativos a esses mesmos fatos e aos delitos políticos de imprensa.


§ 3º Os beneficiados pela anistia não terão direito a diferença de vencimentos 
relativa ao tempo em que estiveram presos, em processo, cumprindo sentença ou 
por qualquer motivo ausentes do serviço ou de suas funções, sendo-lhes, porem, 
contado esse tempo para os demais efeitos legais.


Art. 2º Revogam-se as disposições em contrário.


Rio de Janeiro, 8 de novembro de 1930, 109º da Independência e 42º da República.


GETULIO VARGAS. 
Oswaldo Aranha. 
José Fernandes Leite de Castro. 
José Isaias de Noronha. 
Este texto não substitui o
publicado no DOU de 11.11.1930
*
"
"19.382, de 22.10.1930
Publicado no DOU, de 24.10.1930";Abre, pelo Ministerio da Fazenda, o credito especial de réis 4:550$000, para pagar e Bonifacio Magalhães da Silveira os seus vencimentos de administrador das capatazias da Alfandega de Maceió;1930;"




Presidência
    da República
Casa Civil
Subchefia para Assuntos Jurídicos




DECRETO No 
19.382, DE 22 DE OUTUBRO DE 1930







Revogado pelo Decreto nº 99.999, de 
		1991 




Texto para impressão




Abre, pelo Ministerio da Fazenda, o credito especial de réis 4:550$000, para 
pagar e Bonifacio Magalhães da Silveira os seus vencimentos de administrador das 
capatazias da Alfandega de Maceió




O 
Presidente da Republica dos Estados Unidos do Brasil, usando da autorização 
contida no artigo unico do decreto legislativo n. 4.664 A, de 29 de janeiro de 
1923, revigorada pelo artigo unico do decreto n. 5.759, de 18 de junho do 
corrente anno, e tendo ouvido o Tribunal de Contas, na fórma do regulamento 
approvado pelo decreto n, 15.770, de 1 de novembro de 1922, resolve abrir, pelo 
Ministerio da Fazenda, o credito especial de 4:550$000 (quatro contos quinhentos 
e cincoenta mil réis), para pagar a Bonifacio Magalhães da Silveira os seus 
vencimentos de administrador das capatazias da Alfandega de Maceió, 
correspondentes ao tempo decorrido de 1 de dezembro de 1918 a 6 de março de 
1920, data em que foi reempossado.

Rio de Janeiro, 22 de outubro de 1930, 109º da Independencia e 
42º da Republica.

WASHINGTON LUIS P. DE SOUSA.
F. C. de Oliveira Botelho.


Este texto não substitui o publicado no DOU, de 
24.10.1930

 
 
 
 
 
 
 
"
"19.346, de 29.9.1930
Publicado no DOU, de 1º.10.1930";Abre, ao Ministerio da Justiça e Negócios Interiores, o credito especial de 8:160$000, para pagamento ao desembargador em disponibilidade da Justiça do Territorio do Acre, João Rodrigues do Lago, do accrescimo de 10% sobre os respectivos vencimentos, relativo ao período de 1 de janeiro de 1925 a 31 de dezembro de 1927;1930;"




Presidência
    da República
Casa Civil
Subchefia para Assuntos Jurídicos




DECRETO No 
19.346, DE 29 DE SETEMBRO DE 1930







Revogado pelo Decreto nº 99.999, de 
		1991 




Texto para impressão




Abre, ao Ministerio da Justiça e Negócios Interiores, o credito especial de 
8:160$000, para pagamento ao desembargador em disponibilidade da Justiça do 
Territorio do Acre, João Rodrigues do Lago, do accrescimo de 10% sobre os 
respectivos vencimentos, relativo ao período de 1 de janeiro de 1925 a 31 de 
dezembro de 1927




O Presidente da Republica dos Estados Unidos do Brasil, 
tendo ouvido o Tribunal de Contas, os termos do art. 93 do regulamento approvado 
pelo decreto n. 15.783, de 8 de novembro de 1922, resolve, de acordo com a 
autorização do artigo 3º do decreto legislativo n. 5.671, de 2 de fevereiro de 
1929, abrir, ao Ministério da Justiça e Negócios Interiores, o credito especial 
de oito contos cento e sessenta mil réis (8:160$00), para pagamento ao 
desembargador em disponibilidade da Justiça do Território do Acre, João 
Rodrigues do Lago, do accrescimo de 10% sobre os respectivos vencimentos, que 
lhe foi concedido por decreto de 11 de agosto ultimo e relativo ao período de 1 
de janeiro de 1925 a 31 de dezembro de 1927.

Rio de Janeiro, 29 de setembro de 1930, 109º da Independencia e 
42º da Republica.

WASHINGTON LUIS P. DE SOUSA.
Augusto de Vianna do Castello.


Este texto não substitui o publicado no DOU, de 
1º.10.1930

 
 
 
 
 
 
 
"
"19.302, de 12.8.1930
Publicado na CLBR , 31.12. 1930";Suprime o Consulado honorario na Haya.;1930;"


    Presidência da República

    Secretaria-Geral

    Subchefia para Assuntos Jurídicos



DECRETO Nº 19.302, de 12 de AGOSTO de 1930

   Suprime o Consulado honorario na Haya



     Down

     Up


      Texto para impressão


      Texto atualizado
     

      Texto compilado


      Revogado pelo Decreto nº 1.018, de 1993




O Presidente da Republica dos Estados Unidos do Brasil, usando da autorização contida na lettra a do  
	art. 4º do decreto n. 14.058, de 11 de fevereiro de 1920.



    DECRETA:
   




    Artigo unico.
   

    Fica supprimido o Consulado honorario na Haya (Paizes Baixos); revogam-se as disposições em contrario.


    Rio de Janeiro, 12 de agosto de 1930, 109º da Independencia e 42º da Republica.


    WASHINGTON LUIS P. DE SOUSA
    Octavio Mangabeira


   Este texto não substitui o original publicado no CLBR, de 31.12.1930

    

*
 
 
 
 
 
 
 


   includeHTML();
  

   Não remover
  


"
"19.292, de 29.7.1930
Publicado no DOU, de 6.8.1930";Abre, ao Ministerio das Relações Exteriores, o credito especial de 70:000$000, papel, para auxiliar fundação em Paris, da Casa de Chimica, instituto de pesquizas e estudos, que será erguido em memoria de Marcelin BerthelotAbre, ao Ministerio das Relações Exteriores, o credito especial de 70:000$000, papel, para auxiliar fundação em Paris, da Casa de Chimica, instituto de pesquizas e estudos, que será erguido em memoria de Marcelin Berthelot;1930;"




Presidência
    da República
Casa Civil
Subchefia para Assuntos Jurídicos




DECRETO No 
19.292, DE 29 DE JULHO DE 1930







Revogado pelo Decreto nº 99.999, de 
		1991 




Texto para impressão




Abre, ao Ministerio das Relações Exteriores, o credito especial de 70:000$000, 
papel, para auxiliar fundação em Paris, da Casa de Chimica, instituto de 
pesquizas e estudos, que será erguido em memoria de Marcelin Berthelot




O Presidente da Republica dos Estados Unidos do Brasil, 
usando da autorização constante do decreto legislativo numero 5.743, do 3 de 
dezembro ultimo, tendo sido ouvido o Ministério dos Negócios da Fazenda, e 
consultado o Tribunal de Contas nos termos dos arts. 92 e 93 do Regulamento do 
código de Contabilidade Pública, approvado pelo decreto n. 35.783, de 8 Janeiro 
de 1922,

DECRETA:

Art. 1º Fica aberto, ao Ministério das 
Relações Exteriores, o credito especial de setenta contos de réis (70:000$000), 
papel, para auxiliar a fundação, em Paris, da Casa de Chimica, instituto de 
pesquizas e estudo, que será erguido em memoria de Marcelin Berthelot.

Art. 2º Revogam-se as disposições em contrário.

Rio de Janeiro, 29 de julho de 1930, 109º da Independência e 42º 
da República.

WASHINGTON LUIS P. DE SOUZA
Octavio Mangabeira


Este texto não substitui o publicado no DOU, de 
6.8.1930

 
 
 
 
 
 
 
"
"19.263, de 24.6.1930
Publicado na CLBR , 31.12. 1930";Publica adhesão da Estonia aos accôrdos internacionaes relativos a repressão do trafico de mulheres brancas.;1930;"


    Presidência da República
   

    Casa Civil
   

    Subchefia para Assuntos Jurídicos
   





    DECRETO Nº 19.263, DE 24 DE JUNHO DE 1930
   


   Publica adhesão da Estonia aos accôrdos internacionaes relativos a repressão do trafico de mulheres brancas.
  





      Texto compilado
     

      Texto atualizado
     



      Texto para 
	impressão
     



      Ver mais ..
     



      Ocultar
     





    O Presidente da Republica dos Estados Unidos do Brasil
   
   faz publica a adhesão da Estonia aos accôrdos internacionaes relativos à repressão do tráfico de mulheres brancas, concluidos em Paris em 1904 e 1910, conforme communicou ao Ministerio das Relações Exteriores a Embaixada de França nesta Capital, Po nota de 27 de maio ultimo, cuja traducção official acompanha o presente decreto.
  

   Rio de Janeiro, 24 de junho de 1930, 109º da Independência e 42 da Republica.
  

   WASHINGTON LUIS P. DE SOUSA
  

   Octavio Mangabeira
  

   Este texto não substitui o publicado na CLBR de 1930
  

   Embaixada da Republica franceza no Brasil – Nº 31 – Rio de Janeiro, 27 de maio de 1930.
  

   Senhor ministro – De accôrdo com os dispositivos do art. 8º da Convenção Internacional de 4 de maio de 1910, relativa à repressão do trafico de mulheres brancas, foi encarregada, por meu Governo, de passar ás mãos de V. Ex. uma cópia authenticada da nota da Legação da Estonia, na França, n. 1.543, de 7 de abril de 1930, na qual se communica ao Governo da Republica a adhesão da Estonia á Covenção referida.
  

   Junto, igualmente, um exemplar dos textos de lei em vigor na Estonia relativamente ao objecto desta Convenção.
  

   Rogo a V. Ex. acceitar, Sr. ministro, os protestos da minha mui alta consideração. – N. Dejean.
  

   A S. Ex. o Sr. Dr. Octavio Mangabeira, ministro das Relações Exteriores – Rio de Janeiro.
  
"
"19.212, de 21.5.1930
Publicado no DOU, de 23.5.1930";Abre, pelo Ministerio da Fazenda, o credito especial de réis 12:314$728, para pagamento a Carlos Pioli, em virtude de sentença judiciaria;1930;"




Presidência
    da República
Casa Civil
Subchefia para Assuntos Jurídicos




DECRETO No 
19.212, DE 21 DE MAIO DE 1930







Revogado pelo Decreto nº 99.999, de 
		1991 




Texto para impressão




Abre, pelo Ministerio da Fazenda, o credito especial de réis 12:314$728, para 
pagamento a Carlos Pioli, em virtude de sentença judiciaria




O Presidente da Republica dos Estados Unidos do Brasil, 
usando da autorização contida no artigo unico do decreto legislativo n. 5.734, 
de 30 de outubro de 1929, e tendo ouvido o Tribunal de Contas, na fórma do 
Regulamento approvado pelo decreto n. 15.770, de 1 de novembro de 1922, resolve 
abrir, pelo Ministerio da Fazenda, o credito especial de réis 12:314$728 (doze 
contos tresentos e quatorze mil setecentos e vinte e oito réis), afim de 
occorrer ao pagamento devido a Carlos Pioli, em virtude de sentença judiciaria,

Rio de Janeiro, 21 de maio de 1930, 109º da Independencia e 42º 
da Republica.

WASHINGTON LUIS P. DE SOUSA
F. C. de Oliveira Botelho


Este texto não substitui o publicado no DOU, de 
23.5.1930

 
 
 
 
 
 
 
"
"19.183, de 22.4.1930
Publicado no DOU, de 28.4.1930";"Concede á sociedade anonyma ""Atlantic Refining Company of Brazil"" autorização para continuar a funccionar na Republica";1930;"




Presidência
    da República
Casa Civil
Subchefia para Assuntos Jurídicos




DECRETO No 
19.183, DE 22 DE ABRIL DE 1930







Revogado pelo Decreto nº 99.999, de 
		1991 




Texto para impressão




Concede á sociedade anonyma ""Atlantic Refining Company of Brazil"" autorização 
para continuar a funccionar na Republica




O Presidente da Republica dos Estados Unidos do Brasil, 
attendendo ao que requereu a sociedade anonyma ""Atlantic Refining Company of 
Brazil"", com séde em Wilmington, Delaware, Estados Unidos da America, autorizada 
a funccionar na Republica, pelos decretos ns. 15.551, de 7 de julho de 1922, e 
18.531, de 11 de dezembro de 1928, e devidamente representada,

DECRETA:

Artigo unico. E' concedida á sociedade anonyma ""Atlantic Refining 
Company of Brazil"" autorização para continuar a funccionar na Republica, com as 
alterações feitas em seus estatutos, de accôrdo com a resolução dos respectivos 
accionistas, approvada em assembléa extraordinaria, realizada em 22 de novembro 
de 1929, e sob as mesmas clausulas que, acompanham o citado decreto n. 15.551, 
ficando, porém, a mesma sociedade obrigada a cumprir as formalidades exigidas 
pela legislação em vigor.

Rio de Janeiro, 22 de abril de 1930, 109º da Independencia e 42º 
da Republica.

WASHINGTON LUIS P. DE SOUSA
Geminiano Lyra Castro


Este texto não substitui o publicado no DOU, de 
6.5.1930




Observação: O 
anexo está publicado no D.O. de 06/05/1930, p. 9367 a 9368.

 
 
 
 
 
 
 
 
"
"19.150, de 27.3.1930
Publicado n o DOU de 4.4.1930";Concede o gráo de engenheiro geographo aos estudantes approvados na 1ª série do curso de Engenharia Civel;1930;"




    DECRETO Nº 19.150, DE 27 DE MARÇO DE 1930
   


   Concede o gráo de engenheiro geographo aos estudantes approvados na 1ª série do curso de Engenharia Civel
  





      Texto compilado
     

      Texto atualizado
     



      Texto para impressão
     



      down
     



      up
     



      (Revogado pelo Decreto nº 9.917, de 2019)
     

      (Vigência)
     





    O Presidente da Republica dos Estados Unidos do Brasi
   
   l resolve, usando da attribuição que lhe confere o art. 48, n. I, da Constituição Federal, e de accôrdo com a proposta da Congregação da Escola Polytechnica da Universidade do Rio de Janeiro, homologada pelo Conselho Nacional do Ensino, na conformidade do disposto nos arts. 22 e 195, lettra a, do decreto n. 16.782-A, de 13 de janeiro de 1925:
  

   Art. 1º Ao estudante approvado em todas as materias do primeiro anno do curso de engenharia civil, feito nos termos do
   
    decreto nº 19.059, de 6 de janeiro
   
   do corrente anno; será conferido o gráo de engenheiro geographo.
  

   Art. 2º Fica assegurado o direito ao mesmo gráo aos estudante que já tenham feito ou que fizerem o primeiro anno do dito curso, sob o regimen da seriação estatuida pelo
   
    art. 137 do decreto nº 16.782-A, de 13 de janeiro de 1925.
   


   Rio de Janeiro, 27 de março de 1930, 109º da Independencia e 42º da Republica.
  

   WASHINGTON LUIS P. DE SOUSA
  

   Augusto de Vianna do Castello.
  


    Este texto não substitui o publicado no DOU de 4.4.1930.
   




   includeHTML();
  
"
"19.126, de 25.2.1930
Publicado no DOU, de 28.2.1930";Abre ao Ministério da Justiça e Negócios Interiores o crédito especial de 220$654 para integrar o pagamento da gratificação addicional de 33%, relativa a 1928, do professor do Instituto Benjamin Constant, Francisco de Paula e Souza;1930;"




Presidência
    da República
Casa Civil
Subchefia para Assuntos Jurídicos




DECRETO No 
19.126, DE 25 DE JANEIRO DE 1930







Revogado pelo Decreto nº 99.999, de 
		1991 




Texto para impressão




Abre ao Ministério da Justiça e Negócios Interiores o crédito especial de 
220$654 para integrar o pagamento da gratificação addicional de 33%, relativa a 
1928, do professor do Instituto Benjamin Constant, Francisco de Paula e Souza




O Presidente da República dos Estados Unidos do Brasil, 
usando da autorização contida no decreto nº 5.708, de 9 de setembro de 1920, 
tendo ouvido o Tribunal de Contas, nos termos do art. 93 do regulamento aprovado 
pelo decreto nº 15.783, de 8 de novembro de 1922, resolve abrir ao Ministério da 
Justiça e Negócios Interiores o crédito especial de duzentos e vinte mil 
seiscentos e cincoenta e quatro réis (220$654), para integrar o pagamento da 
gratificação addicional de 33%, relativa ao anno de 1928, do professor do 
Instituto Benjamim Constant, Francisco de Paula e Souza.

Rio de Janeiro, 25 de fevereiro de 1930, 109º da Independência e 
42º da República.

WASHINGTON LUIS P. DE SOUSA
Augusto de Vianna do Castello


Este texto não substitui o publicado no DOU, de 
1º.3.1930

 
 
 
 
 
 
 
 
"
"19.085, de 25.1.1930
Publicado no DOU, de 28.1.1930";Abre, pelo Ministério da Marinha, o crédito especial de réis 22.000:000$000,para accorrer as despezas com a construção do Arsenal de Marinha da Ilha das Cobras, em 1930;1930;"




Presidência
    da República
Casa Civil
Subchefia para Assuntos Jurídicos




DECRETO No 
19.085, DE 25 DE JANEIRO DE 1930







Revogado pelo Decreto nº 99.999, de 
		1991 




Texto para impressão



Abre, pelo 
Ministério da Marinha, o crédito especial de réis 22.000:000$000,para accorrer 
as despezas com a construção do Arsenal de Marinha da Ilha das Cobras, em 1930




O 
Presidente da República dos Estados Unidos do Brasil, usando da autorização 
contida no decreto legislativo n. 5.752, de 27 de dezembro do anno proximo findo, 
e tendo ouvido o Tribunal de Contas e o Ministério da Fazenda na forma do 
regulamento annexo ao decreto n. 15.783, de 8 de novembro de 1922, resolve abrir 
pelo Ministério da Marinha o crédito especial de vinte e dois mil contos de réis 
(22.000:000$000) para occorrer as despezas com a construção do Arsenal de 
Marinha da Ilha das Cobras, durante o corrente anno, de accordo com o contracto 
celebrado entre o dito ministerio e a Companhia Mecânica a Importadora de São 
Paulo, em 30 de abril de 1928, e approvado pela lei n. 5. 562, de 1 de novembro 
do mesmo anno.

Rio de 
Janeiro, 25 de janeiro de 1930, 109º da Independencia e 42º da Republica.

WASHINGTON 
LUIS P. DE SOUSA
Arnaldo Siqueira Pinto da Luz


Este texto não substitui o publicado no DOU, de 
28.1.1930

 
 
 
 
 
 
 
 
"
"19.059, de 6.1.1930
Publicado n o DOU de 11.1.1930";Altera a seriação dos cursos da Escola Polytechnica da Universidade do Rio de Janeiro.;1930;"


    Presidência da República
   

    Casa Civil
   

    Subchefia para Assuntos Jurídicos
   



    DECRETO Nº 19.059, DE 
	6 DE JANEIRO DE 1930
   



    Altera a 
	seriação dos cursos da Escola Polytechnica da Universidade do Rio de 
	Janeiro.
   






      Texto compilado
     

      Texto atualizado
     



      Texto para impressão
     




       Up
      







       Down
      






      Revogado pelo Decreto nº 99.999, de 
		1991
     





    O Presidente da Republica dos Estados Unidos do Brasil:
   


   Resolve, na conformidade do 
	disposto nos arts. 22 e 195, lettra g, do decreto n. 16.782 A, de, 13 de 
	janeiro de 1925, e no uso da attribuição que lhe confere o art. 48, n. 1 da 
	Constituição Federal:
  

   Art. 1º Fica approvada a 
	alteração da seriação dos cursos proposta pela Congregação da Escola 
	Polytechnica da Universidade do Rio de Janeiro e homologada pelo Conselho 
	Nacional do Ensino, em sessão de 2 de agosto de 1929, substituindo-se a 
	discriminação constante do art. 134 do citado regulamento pela seguinte: 
	Exame vestibular - Algebra elementar e superior - Geometria - Trigonometria 
	rectilinea - Elementos de Geometria analytica a duas dimensões - Desenho 
	linear e geometrico. Curso Geral - 1º anno - 1ª cadeira - Geometria 
	analytica e calculo infinitesimal - 2ª cadeira - Geometria descriptiva e 
	suas applicações ás sombras e à perspectiva - 3ª cadeira - Physica 
	experimental e metereologica - Aula - Desenho a mão livre e de ornatos. 2º 
	anno - 1ª cadeira - Calculo das variações e mecanica racional - 2ª cadeira - 
	Topographia, construcção de plantas topographicas e legislação de terras. 3º 
	cadeira - Chimica inorganica, descriptiva e analytica; noções de chimica 
	organica. 4º cadeira - Estatistica, economia politica e financas - Aula - 
	Desenho technico e de conveções. Curso de engenheiros civis - 1º anno - 1ª 
	cadeira - Geologia economica e noções de metallurgia - 2º cadeira - Mecanica 
	applicada ás machinas, cinematica e dynamica applicadas e termodynamica -3º 
	cadeira - Resistencia dos materiaes e graphoestatica - 4ª cadeira - 
	Astronomia espherica e prática, geodesia e construcção de cartas 
	geographicas - 2º anno - 1ª cadeira - Estabilidade das construcções, 
	technologia do constructor mecanico, pontes e viaductos. 2ª cadeira - 
	Materiaes de construcção, determinação experimental de sua resistencia e 
	processos geraes de construcção. 3ª cadeira - Estradas de rodagem e de ferro 
	- 4ª cadeira - Hydraulica, abastecimento de agua, esgotos, deseccamento e 
	irrigação. 3º anno - 1ª cadeira - Architectura civil, hygiene dos edificios 
	e saneamento das cidades. 2ª cadeira - Portos de mar, rios e oceanos. 3ª 
	cadeira - Machinas motrizes, com prévio estudo dos motores, 4ª cadeira - 
	Organização e trafego das industrias, contabilidade publica e industrial e 
	direito administrativo. Curso de engenheiros electricistas - 1º anno - 1ª 
	cadeira - Geologia economica e noções de metallurgia - 2ª cadeira - Mecanica 
	applicada às machinas, cinematica e dynamica applicadas e thermodynamica. 3ª 
	cadeira - Resistencia dos materiaes e graphoestatica - 4ª cadeira - 
	Electrotechnica geral - 2º anno - 1ª cadeira - Estabilidade das construcções, 
	technologia do constructor mecanico, pontes e viaductos. 2ª cadeira - 
	Materiaes de construcção, determinação experimental de sua resistencia e 
	processos geraes de construcção. 3ª cadeira - Estradas de rodagem e de 
	ferro. 4ª cadeira - Medidas magneticas e electricas, producção e transmissão 
	de energia electrica. 3º anno - 1ª cadeira - Applicações industriaes da 
	electricidade - 2ª cadeira - Hydraulica, abastecimento de agua, deseccamento 
	e irrigação. 3ª cadeira - Machinas motrizes, com prévio estudo dos motores. 
	4ª cadeira - Organização de trafego das industrias, contabilidade publica e 
	industrial e direito administrativo. Curso de engenheiros industraes - 1º 
	anno - 1ª cadeira - Geologia economica e noções de metallurgia. 2ª cadeira - 
	Mecanica applicada ás machinas cinematicas e dynamica applicadas e 
	thermodynamica. 3ª cadeira - Resistencia dos materiaes e graphoestatica. 4ª 
	cadeira - Chimica organica descriptiva e analytica - 2ª cadeira - Materiaes 
	de construcção, determinação experimental de sua resistenia e processos 
	geraes de construcção. 3ª cadeira - Physica industrial. 4ª cadeira - 
	Botanica e zoologia industriaes e estudo das materias primas. 3º anno - 1ª 
	cadeira - Chimica industrial - 2ª cadeira - Mecanica industrial, 
	comprehendendo o estudo das principaes industrias mecanicas e das machinas 
	operatrizes e correspondentes. 3ª cadeira - Docimasia e metallurgia, com 
	desenvolvimento da ciderurgia. 4ª cadeira - Organização e trafego das 
	industrias, contabilidade publica e industrial e direito administrativo.
  

   Art. 2º Os casos 
	resultantes das alterações feita na seriação alludida, e que ser não 
	enquadraram nos dispositivos da vigente lei do ensino, serão resolvidos 
	mediante instrucções do Ministerio da Justiça e Negocios Interiores, 
	consoante o que determina o art. 280 do decreto n. 16.782 A, de 13 de 
	janeiro de 1925.
  

   Rio de Janeiro, 6 de 
	janeiro de 1930, 109º da Independencia e 42º da Republica.
  

   WASHINGTON LUIS P. DE 
	SOUSA
  

   Augusto Vianna do Castello.
  

   Este texto não substitui o publicado no D.O.U. de 11.1.1930
  
"
